{"{'embedding_dim': 512, 'num_filters': 32, 'learning_rate': 0.0002}": {"loss": [0.02991725577908803, 0.021956284248642835, 0.019143606855510437, 0.016973480901191232, 0.015052441268315009, 0.013302572243826612, 0.011660886043163296, 0.010203018347138318, 0.008878410075996926, 0.007663435151926828, 0.006652807646919105, 0.005733741935682391, 0.0049834064910007966, 0.004321361527805423, 0.0038195086107586343, 0.0033967467694847398, 0.0030969372136732476, 0.0027972565598804364, 0.002602599643688178, 0.002456565302287691], "acc": [74.67407438822681, 80.24258874422155, 82.46914627422707, 84.2699011832563, 85.93663853428899, 87.67377751388948, 89.17935451036941, 90.5856906569405, 91.91823232537428, 93.11760464820391, 94.16853980236651, 95.05661817719157, 95.78183977267908, 96.40188303151109, 96.8361677764112, 97.22040799016074, 97.48674668136901, 97.76496034607065, 97.9634420458883, 98.0872810551762], "eval": [0.02468441409804055, 0.023015393363272782, 0.022139011912604707, 0.022046414263735874, 0.02235231741993234, 0.022646253468817597, 0.023016499108153905, 0.023629919808187034, 0.02400514745777805, 0.025180621670306078, 0.02606208333908415, 0.026952634525645808, 0.027989775963376175, 0.02913807090893712, 0.030123720149318994, 0.031480401936960875, 0.03210366339274095, 0.03332774583297209, 0.03417647268567088, 0.03526606176570951], "eval_acc": [78.34185815711123, 79.63203297961677, 80.15115657683792, 80.1587907473853, 79.8534239254905, 79.91449728986946, 80.29620581723795, 80.41071837544851, 80.34964501106955, 80.09771738300634, 79.76944804946943, 79.58622795633255, 79.51752042140622, 79.57859378578517, 79.47171539812199, 79.91449728986946, 79.43354454538515, 79.52515459195358, 79.33430032826934, 79.25032445224826], "best": 80.41071837544851}}